Timestamp,Which stage of life best describes you right now?,  What is your age group?  ,How often do you feel unsure or confused while making everyday decisions?  ,What kind of decisions do you usually overthink the most?  ,"When you’re stuck on a decision, what do you usually do first?  ",How often do you feel overwhelmed by having too many choices?  ,How comfortable are you taking risks when making decisions?  ,What matters most to you when making important decisions?  ,What frustrates you most while making an important decision?  ,"If an AI could help you make decisions, what would you want it to do?  ",Would you trust an AI system that explains its reasoning instead of just giving answers?  ,"How important is it for AI suggestions to be ethical, unbiased, and responsible?", How would you prefer AI recommendations to be presented?  ,What would make you not trust an AI decision support tool?  ,"In one line, what does “making the right decision” mean to you?  "
2/10/2026 21:03:35,Student / Exploring education and career options,18–21,Very often,"Career or education choices, Financial or purchase decisions, Personal or relationship decisions, Health or lifestyle choices",Ask friends or family,Almost always,I prefer to play it safe,Avoiding mistakes / minimizing risk,"Fear of making the wrong choice, Too many options","Compare different options clearly, Personalize advice based on my situation","Yes, definitely",Extremely important,Short explanations with reasoning,I would not trust an AI decision support tool if it answers predefined answers and not those answers which are aligned to my personal experience and problem ,"Making the right decision means that I shoudl not regret later, and fullfill the need i was looking for at the start"
2/10/2026 22:26:19,Life transition / Re-evaluating goals,Above 30,Sometimes,Career or education choices,Delay the decision,Sometimes,I’m okay with moderate risks,Long-term outcomes,Too many options,Personalize advice based on my situation,"Yes, definitely",Extremely important,Clear comparison of options,Conflicting answers on different times; incorrect advice for example in medical use cases,Right for my context and in my best interest
2/10/2026 22:27:21,Family & responsibility phase,Above 30,Sometimes,Personal or relationship decisions,Delay the decision,Sometimes,I prefer to play it safe,Opinions of others,Lack of confidence,Show risks and possible outcomes,"Maybe, if it’s transparent",Important,Simple step-by-step guidance,Decision may go wrong,First take decision then make it right
2/10/2026 22:28:31,Family & responsibility phase,Above 30,Rarely,Financial or purchase decisions,Ask friends or family,Sometimes,It depends on the situation,Long-term outcomes,Too many options,Show risks and possible outcomes,Not sure,Extremely important,Clear comparison of options,Rare usage of AI,Not thinking twice
2/10/2026 22:34:08,Family & responsibility phase,Above 30,Rarely,Financial or purchase decisions,Ask friends or family,Rarely,It depends on the situation,Long-term outcomes,Fear of making the wrong choice,Show risks and possible outcomes,"Yes, definitely",Extremely important,Clear comparison of options,Predict similar answer for multiple questions ,Logical reasoning 
2/10/2026 22:36:33,Student / Exploring education and career options,18–21,Sometimes,Personal or relationship decisions,Go with my gut feeling,Sometimes,It depends on the situation,Short-term convenience,Fear of making the wrong choice,Show risks and possible outcomes,"Maybe, if it’s transparent",Extremely important,Simple step-by-step guidance,Beacuse all the answer are sourced through intermet and internet cannot be trusted,Analysis 
2/10/2026 22:41:38,Student / Exploring education and career options,Below 18,Sometimes,Career or education choices,Go with my gut feeling,Often,I prefer to play it safe,Short-term convenience,"Fear of making the wrong choice, Conflicting advice from others, Lack of confidence","Break the decision into simple steps, Show risks and possible outcomes","Maybe, if it’s transparent",Extremely important,Short explanations with reasoning,It predicts similar opinions for different scenarios,For me making the right decision is the one after which I feel more confident
2/10/2026 22:44:57,Early career / Building professional experience,Above 30,Rarely,Career or education choices,Go with my gut feeling,Rarely,I prefer to play it safe,Avoiding mistakes / minimizing risk,Not knowing possible outcomes,Personalize advice based on my situation,"Maybe, if it’s transparent",Extremely important,Clear comparison of options,It works on an algorithm written by human,Clear choice leading to expected outcome
2/10/2026 22:45:57,Student / Exploring education and career options,Below 18,Sometimes,"Career or education choices, Financial or purchase decisions, Personal or relationship decisions",Ask friends or family,Often,It depends on the situation,Long-term outcomes,Too many options,"Show risks and possible outcomes, Compare different options clearly","Maybe, if it’s transparent",Extremely important,Simple step-by-step guidance,Biasness ,To be unbiased and responsible 
2/10/2026 22:50:25,Student / Exploring education and career options,18–21,Sometimes,Career or education choices,Search online (Google / social media),Often,It depends on the situation,Avoiding mistakes / minimizing risk,"Fear of making the wrong choice, Not knowing possible outcomes","Show risks and possible outcomes, Compare different options clearly, Personalize advice based on my situation","Maybe, if it’s transparent",Extremely important,Visual outcomes or scenarios,Unclear responses,Getting the desired outcome
2/10/2026 22:51:58,Student / Exploring education and career options,18–21,Sometimes,Career or education choices,Ask friends or family,Rarely,I avoid risks whenever possible,Avoiding mistakes / minimizing risk,Not knowing possible outcomes,Personalize advice based on my situation,"Maybe, if it’s transparent",Extremely important,Short explanations with reasoning,If it's very ethical and bookish answer ,Long term and if possible no risk at all
2/10/2026 22:52:26,Student / Exploring education and career options,18–21,Sometimes,"Career or education choices, Financial or purchase decisions, Health or lifestyle choices",Search online (Google / social media),Often,It depends on the situation,Avoiding mistakes / minimizing risk,"Not knowing possible outcomes, Too many options",Show risks and possible outcomes,"Maybe, if it’s transparent",Extremely important,Visual outcomes or scenarios,Transparency and step by step information ,Usually believe in trusting the process 
2/10/2026 22:52:57,Independent adult / Managing personal and financial decisions,18–21,Rarely,Financial or purchase decisions,Go with my gut feeling,Sometimes,It depends on the situation,Long-term outcomes,Conflicting advice from others,Show risks and possible outcomes,"No, I prefer human advice",Important,Simple step-by-step guidance,Because ai is not a human.,Feels good 
2/10/2026 22:53:39,Family & responsibility phase,Above 30,Sometimes,"Financial or purchase decisions, Personal or relationship decisions",Search online (Google / social media),Often,It depends on the situation,Long-term outcomes,"Not knowing possible outcomes, Too many options","Compare different options clearly, Personalize advice based on my situation, Explain why a suggestion is given","Yes, definitely",Important,Clear comparison of options,Didn’t understand question properly,Declutterred extra hustle from life and more clarity to achieve the goal
2/10/2026 22:55:12,Early career / Building professional experience,22–25,Almost Never,I generally don’t overthink decisions,Go with my gut feeling,Sometimes,It depends on the situation,Short-term convenience,"Too many options, Conflicting advice from others, Lack of confidence","Show risks and possible outcomes, Compare different options clearly, Personalize advice based on my situation","Maybe, if it’s transparent",Slightly important,Visual outcomes or scenarios,Bias,Having the right outcomes
2/10/2026 22:56:13,Student / Exploring education and career options,18–21,Rarely,I generally don’t overthink decisions,Go with my gut feeling,Sometimes,It depends on the situation,Long-term outcomes,Too many options,Compare different options clearly,"No, I prefer human advice",Extremely important,Visual outcomes or scenarios,It lacking human emotions lol,Do what feels right. Go with the instinct. 
2/10/2026 22:58:32,Student / Exploring education and career options,18–21,Sometimes,"Career or education choices, Financial or purchase decisions",Make a pros and cons list,Sometimes,It depends on the situation,Avoiding mistakes / minimizing risk,Fear of making the wrong choice,"Show risks and possible outcomes, Compare different options clearly, Personalize advice based on my situation","Maybe, if it’s transparent",Important,Simple step-by-step guidance,.,.
2/10/2026 22:58:56,Family & responsibility phase,Above 30,Rarely,"Financial or purchase decisions, Personal or relationship decisions, Health or lifestyle choices",Ask friends or family,Often,I prefer to play it safe,Opinions of others,"Fear of making the wrong choice, Not knowing possible outcomes, Lack of confidence","Break the decision into simple steps, Show risks and possible outcomes","Maybe, if it’s transparent",Important,Clear comparison of options,In Medical field,Positive outcome
2/10/2026 23:00:39,Family & responsibility phase,Above 30,Sometimes,"Financial or purchase decisions, Health or lifestyle choices",Ask friends or family,Sometimes,It depends on the situation,Long-term outcomes,Lack of confidence,Personalize advice based on my situation,Not sure,Important,Simple step-by-step guidance,Data privacy,To get more clarity to move forward 
2/10/2026 23:00:40,Student / Exploring education and career options,Below 18,Very often,"Career or education choices, Personal or relationship decisions",Delay the decision,Often,It depends on the situation,Long-term outcomes,"Fear of making the wrong choice, Not knowing possible outcomes, Too many options","Show risks and possible outcomes, Compare different options clearly, Personalize advice based on my situation","Maybe, if it’s transparent",Extremely important,Visual outcomes or scenarios,If it lacks accountability for its errors and if there’s no evidence it was properly tested in real world situations ,It means choosing the option that best balances facts and long term impact
2/10/2026 23:01:30,Student / Exploring education and career options,18–21,Rarely,Financial or purchase decisions,Ask friends or family,Rarely,It depends on the situation,Avoiding mistakes / minimizing risk,Not knowing possible outcomes,Show risks and possible outcomes,"Maybe, if it’s transparent",Important,Clear comparison of options,       ,Feels good 
2/10/2026 23:03:55,Student / Exploring education and career options,18–21,Very often,Personal or relationship decisions,Search online (Google / social media),Often,I’m okay with moderate risks,Long-term outcomes,Conflicting advice from others,Personalize advice based on my situation,"Yes, definitely",Extremely important,Simple step-by-step guidance,"biased opinions, non personalised answers","Making the right decision for me would be something that benefits me for the longer run, doesn’t have too many risks and that it feels right from within. Done and based with ethically. "
2/10/2026 23:06:21,Early career / Building professional experience,22–25,Rarely,I generally don’t overthink decisions,Go with my gut feeling,Often,I love taking risks,Avoiding mistakes / minimizing risk,Conflicting advice from others,Compare different options clearly,Not sure,Important,Visual outcomes or scenarios,Generic,Whatever feels good and no regrets later.
2/10/2026 23:06:34,Student / Exploring education and career options,18–21,Sometimes,Career or education choices,Go with my gut feeling,Sometimes,I love taking risks,Long-term outcomes,Too many options,Explain why a suggestion is given,Not sure,Important,Simple step-by-step guidance,Wrong or misleading recommendations,Choosing what’s best after thinking no matter the results.
2/10/2026 23:07:31,Life transition / Re-evaluating goals,18–21,Very often,"Career or education choices, Financial or purchase decisions, Personal or relationship decisions",Go with my gut feeling,Sometimes,I’m okay with moderate risks,Long-term outcomes,"Fear of making the wrong choice, Conflicting advice from others","Show risks and possible outcomes, Personalize advice based on my situation","Maybe, if it’s transparent",Important,Short explanations with reasoning,ai is not a human and somewhat cant understand human emotions ,..
2/10/2026 23:08:34,Student / Exploring education and career options,18–21,Sometimes,Career or education choices,Ask friends or family,Sometimes,It depends on the situation,Long-term outcomes,Fear of making the wrong choice,Show risks and possible outcomes,Not sure,Important,Clear comparison of options,"If it gives recommendations without explaining the reasoning, ignores important context, or shows clear bias or inconsistency.","Making a choice that feels thoughtful, informed, and right in the long run."
2/10/2026 23:09:38,Early career / Building professional experience,Above 30,Sometimes,"Career or education choices, Financial or purchase decisions",Ask friends or family,Often,It depends on the situation,Avoiding mistakes / minimizing risk,Not knowing possible outcomes,"Compare different options clearly, Personalize advice based on my situation, Explain why a suggestion is given","Maybe, if it’s transparent",Extremely important,Clear comparison of options,Depending on the situations reasojing may lead to give wrong options / Options that provides less outcome ,Clear direction to provide the out come with comapairing all possible outcomes in both positive amd negetuve manner 
2/10/2026 23:11:19,Early career / Building professional experience,18–21,Sometimes,"Career or education choices, Financial or purchase decisions",Delay the decision,Often,I prefer to play it safe,Long-term outcomes,Fear of making the wrong choice,Show risks and possible outcomes,"Maybe, if it’s transparent",Extremely important,Clear comparison of options,If it's not transparent and doesn't give biased opinion ,A decision that is less likely to make future problems in that scenario 
2/10/2026 23:13:16,Family & responsibility phase,Above 30,Sometimes,"Career or education choices, Financial or purchase decisions, Personal or relationship decisions, Health or lifestyle choices",Go with my gut feeling,Often,I love taking risks,Long-term outcomes,"Fear of making the wrong choice, Too many options","Show risks and possible outcomes, Compare different options clearly, Personalize advice based on my situation","Yes, definitely",Extremely important,Simple step-by-step guidance,Lack of emotional quotient,Considering all the right parameters including emotional intelligence
2/10/2026 23:18:00,Student / Exploring education and career options,18–21,Sometimes,"Career or education choices, Financial or purchase decisions, Personal or relationship decisions",Ask friends or family,Often,It depends on the situation,Avoiding mistakes / minimizing risk,"Fear of making the wrong choice, Conflicting advice from others","Compare different options clearly, Explain why a suggestion is given","Maybe, if it’s transparent",Important,Short explanations with reasoning,It gives almost the same answers to everyone,"Avoiding mistakes, and works for long term"
2/10/2026 23:23:32,Life transition / Re-evaluating goals,22–25,Very often,"Career or education choices, Personal or relationship decisions",Ask friends or family,Almost always,It depends on the situation,Long-term outcomes,Fear of making the wrong choice,"Show risks and possible outcomes, Compare different options clearly, Explain why a suggestion is given","Maybe, if it’s transparent",Extremely important,Clear comparison of options,If it agrees with me all the time,Something that offers strong long term benefits with little to no risk.
2/10/2026 23:23:59,Student / Exploring education and career options,18–21,Sometimes,Financial or purchase decisions,Delay the decision,Almost always,I’m okay with moderate risks,Short-term convenience,Fear of making the wrong choice,Show risks and possible outcomes,Not sure,Extremely important,Clear comparison of options,Dhruv soni,Making the right decision means choosing not what you want but what you need
2/10/2026 23:24:16,Student / Exploring education and career options,18–21,Very often,Career or education choices,Ask friends or family,Often,I’m okay with moderate risks,Long-term outcomes,"Fear of making the wrong choice, Too many options","Break the decision into simple steps, Personalize advice based on my situation","Maybe, if it’s transparent",Extremely important,Clear comparison of options,Unethical ,Something that benefits me 
2/10/2026 23:25:09,Student / Exploring education and career options,18–21,Rarely,"Career or education choices, Personal or relationship decisions",Search online (Google / social media),Almost always,I love taking risks,Long-term outcomes,Fear of making the wrong choice,Show risks and possible outcomes,"Yes, definitely",Important,Simple step-by-step guidance,Not considering emotional aspects of situations.,Taking the right step towards the goal to be achieved.
2/10/2026 23:25:40,Student / Exploring education and career options,18–21,Sometimes,Career or education choices,Ask friends or family,Rarely,I’m okay with moderate risks,Short-term convenience,Fear of making the wrong choice,Break the decision into simple steps,"Maybe, if it’s transparent",Extremely important,Simple step-by-step guidance,Beacuse of the internet as not everything is correct,Success
2/10/2026 23:26:11,Student / Exploring education and career options,Below 18,Sometimes,"Career or education choices, Personal or relationship decisions, Health or lifestyle choices",Search online (Google / social media),Often,I’m okay with moderate risks,Long-term outcomes,"Fear of making the wrong choice, Not knowing possible outcomes, Conflicting advice from others","Break the decision into simple steps, Show risks and possible outcomes, Personalize advice based on my situation","Yes, definitely",Extremely important,Simple step-by-step guidance,I wouldn’t trust it if its decisions aren’t transparent or can’t be explained clearly.,"choosing the option that best aligns your values and long term well being, even when it’s hard."
2/10/2026 23:29:01,Student / Exploring education and career options,18–21,Rarely,Health or lifestyle choices,Search online (Google / social media),Sometimes,I’m okay with moderate risks,Long-term outcomes,Not knowing possible outcomes,Break the decision into simple steps,"Yes, definitely",Slightly important,Clear comparison of options,"No Transparency (Black Box Decisions)  If the tool can’t explain why it made a recommendation (no logic, no reasoning, no sources), that’s a red flag. You should be able to see: 	•	What data it used 	•	How confident it is 	•	Key factors influencing the decision  ⸻  📉 2) Poor or Biased Data  If the AI is trained on: 	•	Outdated data 	•	Incomplete data 	•	Biased data (favoring certain groups or outcomes)  Then its decisions can be unfair or wrong. Garbage in = garbage out.","Making the right decision means choosing the option that best aligns with your goals, values, and the available evidence while minimizing harm and risk.”"
2/10/2026 23:29:46,Student / Exploring education and career options,18–21,Rarely,"Financial or purchase decisions, Personal or relationship decisions",Search online (Google / social media),Often,I’m okay with moderate risks,Short-term convenience,Not knowing possible outcomes,Personalize advice based on my situation,"Maybe, if it’s transparent",Important,Simple step-by-step guidance,"No Transparency (Black Box Decisions)  If the tool can’t explain why it made a recommendation (no logic, no reasoning, no sources), that’s a red flag. You should be able to see: 	•	What data it used 	•	How confident it is 	•	Key factors influencing the decision  ⸻  📉 2) Poor or Biased Data  If the AI is trained on: 	•	Outdated data 	•	Incomplete data 	•	Biased data (favoring certain groups or outcomes)  Then its decisions can be unfair or wrong. Garbage in = garbage out.","“Making the right decision means choosing the option that best aligns with your goals, values, and the available evidence while minimizing harm and risk.”"
2/10/2026 23:35:14,Student / Exploring education and career options,18–21,Sometimes,"Financial or purchase decisions, Personal or relationship decisions",Ask friends or family,Often,It depends on the situation,Long-term outcomes,"Fear of making the wrong choice, Too many options, Conflicting advice from others","Break the decision into simple steps, Show risks and possible outcomes, Personalize advice based on my situation",Not sure,Important,Simple step-by-step guidance,Privacy,Having confidence with future outcomes 
2/10/2026 23:35:27,Independent adult / Managing personal and financial decisions,18–21,Sometimes,"Career or education choices, Financial or purchase decisions, Personal or relationship decisions, Health or lifestyle choices, I generally don’t overthink decisions",Make a pros and cons list,Often,I love taking risks,Long-term outcomes,Fear of making the wrong choice,Show risks and possible outcomes,"Yes, definitely",Important,Simple step-by-step guidance,no,no
2/10/2026 23:35:48,Early career / Building professional experience,18–21,Sometimes,"Career or education choices, Financial or purchase decisions, Personal or relationship decisions",Search online (Google / social media),Often,It depends on the situation,Avoiding mistakes / minimizing risk,"Fear of making the wrong choice, Conflicting advice from others, Lack of confidence","Break the decision into simple steps, Show risks and possible outcomes, Compare different options clearly, Personalize advice based on my situation, Explain why a suggestion is given","Maybe, if it’s transparent",Extremely important,Visual outcomes or scenarios,"Lack of transparency, poor data quality and biased or unfair outcomes",Selecting the most responsible and beneficial option based on facts and context
2/10/2026 23:36:01,Student / Exploring education and career options,18–21,Sometimes,"Career or education choices, Health or lifestyle choices",Search online (Google / social media),Often,It depends on the situation,Short-term convenience,Not knowing possible outcomes,Break the decision into simple steps,Not sure,Slightly important,Clear comparison of options,Poor or biased data as it always show sponsors one first,Long term impact
2/10/2026 23:37:34,Early career / Building professional experience,18–21,Sometimes,Health or lifestyle choices,Go with my gut feeling,Often,I love taking risks,Long-term outcomes,Not knowing possible outcomes,Break the decision into simple steps,"Yes, definitely",Important,Visual outcomes or scenarios,Outcomes and right evaluation ,Positive result
2/10/2026 23:37:47,Student / Exploring education and career options,18–21,Sometimes,Career or education choices,Search online (Google / social media),Often,It depends on the situation,Long-term outcomes,Not knowing possible outcomes,Compare different options clearly,"Maybe, if it’s transparent",Slightly important,Simple step-by-step guidance,NA,NA
2/10/2026 23:41:39,Student / Exploring education and career options,18–21,Sometimes,"Career or education choices, Financial or purchase decisions, Health or lifestyle choices",Search online (Google / social media),Often,It depends on the situation,Long-term outcomes,"Fear of making the wrong choice, Lack of confidence","Break the decision into simple steps, Show risks and possible outcomes, Personalize advice based on my situation","Maybe, if it’s transparent",Extremely important,Simple step-by-step guidance,hallucinations obv and when it has limited decision support ideas,when it actually helps me in reducing my confusions
2/10/2026 23:46:37,Early career / Building professional experience,18–21,Sometimes,"Career or education choices, Financial or purchase decisions, Personal or relationship decisions, Health or lifestyle choices",Ask friends or family,Sometimes,I’m okay with moderate risks,Long-term outcomes,"Fear of making the wrong choice, Conflicting advice from others, Lack of confidence",Personalize advice based on my situation,"Maybe, if it’s transparent",Important,Clear comparison of options,Always sounds 100% confident,The option that balances consequences both now and in long term 
2/10/2026 23:49:38,Student / Exploring education and career options,18–21,Very often,"Career or education choices, Financial or purchase decisions, Personal or relationship decisions, Health or lifestyle choices",Delay the decision,Almost always,I’m okay with moderate risks,Short-term convenience,Not knowing possible outcomes,"Show risks and possible outcomes, Explain why a suggestion is given",Not sure,Extremely important,Clear comparison of options,If it shares my personal data across platforms,Which can give me long term relief
2/10/2026 23:51:36,Early career / Building professional experience,18–21,Sometimes,Financial or purchase decisions,Delay the decision,Often,I’m okay with moderate risks,Avoiding mistakes / minimizing risk,Too many options,Compare different options clearly,"Yes, definitely",Important,Short explanations with reasoning,It can’t explain its decisions,What satisfied my soul.
2/10/2026 23:52:16,Student / Exploring education and career options,18–21,Very often,"Career or education choices, Financial or purchase decisions, Personal or relationship decisions, Health or lifestyle choices",Delay the decision,Often,It depends on the situation,Long-term outcomes,"Fear of making the wrong choice, Not knowing possible outcomes, Too many options, Conflicting advice from others, Lack of confidence","Show risks and possible outcomes, Compare different options clearly, Personalize advice based on my situation, Explain why a suggestion is given",Not sure,Important,Visual outcomes or scenarios,"AI does not think like a human and according to me , AI will not be able to think about my perspective.",A decision that is okay for my future and will provide long term benefits to me.
2/10/2026 23:57:18,Life transition / Re-evaluating goals,18–21,Very often,Career or education choices,Search online (Google / social media),Sometimes,It depends on the situation,Long-term outcomes,Fear of making the wrong choice,Personalize advice based on my situation,Not sure,Extremely important,Short explanations with reasoning,Not being realistic ,Solving my problem 
2/11/2026 0:00:33,Student / Exploring education and career options,18–21,Very often,"Career or education choices, Health or lifestyle choices",Search online (Google / social media),Sometimes,It depends on the situation,Opinions of others,Too many options,Compare different options clearly,Not sure,Important,Clear comparison of options,if ai shares my personal info,choosing the best possible option
2/11/2026 0:00:44,Student / Exploring education and career options,18–21,Rarely,I generally don’t overthink decisions,Go with my gut feeling,Rarely,I love taking risks,Long-term outcomes,Too many options,Explain why a suggestion is given,Not sure,Important,Clear comparison of options,nothing,AI
2/11/2026 0:02:19,Independent adult / Managing personal and financial decisions,22–25,Sometimes,"Career or education choices, Personal or relationship decisions",Ask friends or family,Sometimes,It depends on the situation,Long-term outcomes,Fear of making the wrong choice,Show risks and possible outcomes,"Maybe, if it’s transparent",Important,Simple step-by-step guidance,Lack of transparency,Making an informed choice that leads to the best possible outcome.
2/11/2026 0:04:19,Student / Exploring education and career options,18–21,Sometimes,"Career or education choices, Health or lifestyle choices",Delay the decision,Often,I’m okay with moderate risks,Other,Too many options,Explain why a suggestion is given,Not sure,Extremely important,Clear comparison of options,.,I can make it right 
2/11/2026 0:22:03,Student / Exploring education and career options,18–21,Sometimes,Health or lifestyle choices,Make a pros and cons list,Often,It depends on the situation,Long-term outcomes,Fear of making the wrong choice,Show risks and possible outcomes,"Maybe, if it’s transparent",Extremely important,Clear comparison of options,Wrong information ,Important 
2/11/2026 0:27:56,Early career / Building professional experience,18–21,Sometimes,Personal or relationship decisions,Go with my gut feeling,Often,It depends on the situation,Short-term convenience,Too many options,Compare different options clearly,"Maybe, if it’s transparent",Slightly important,Clear comparison of options,In personal matter ,Which is beneficial to me
2/11/2026 0:30:42,Student / Exploring education and career options,18–21,Sometimes,Personal or relationship decisions,Ask friends or family,Sometimes,It depends on the situation,Long-term outcomes,Fear of making the wrong choice,Show risks and possible outcomes,"Maybe, if it’s transparent",Important,Simple step-by-step guidance,AI cannot explain its intuition or be held morally accountable for its mistakes,Choosing the option that can stand by me  tomorrow even after the emotions cool down
2/11/2026 0:32:08,Student / Exploring education and career options,18–21,Sometimes,Financial or purchase decisions,Go with my gut feeling,Often,I love taking risks,Long-term outcomes,Conflicting advice from others,Show risks and possible outcomes,"Yes, definitely",Extremely important,Simple step-by-step guidance,Leaking information ,Positive 
2/11/2026 0:34:34,Student / Exploring education and career options,18–21,Sometimes,Personal or relationship decisions,Search online (Google / social media),Sometimes,I’m okay with moderate risks,Short-term convenience,Not knowing possible outcomes,Break the decision into simple steps,"Maybe, if it’s transparent",Extremely important,Simple step-by-step guidance,Deepfake,Success
2/11/2026 0:34:47,Early career / Building professional experience,18–21,Very often,Financial or purchase decisions,Go with my gut feeling,Almost always,I love taking risks,Short-term convenience,Not knowing possible outcomes,Compare different options clearly,Not sure,Not important,Short explanations with reasoning,No I do not trust ai because of all the ai videos that got leak with fake information ,Making right decisions makes you think properly and perpetually 
2/11/2026 0:40:15,Early career / Building professional experience,22–25,Rarely,I generally don’t overthink decisions,Go with my gut feeling,Sometimes,It depends on the situation,Long-term outcomes,Conflicting advice from others,Compare different options clearly,"Maybe, if it’s transparent",Slightly important,Visual outcomes or scenarios,"It hallucinates / fabricates important facts, citations, studies, numbers or people — and presents them as real",Making the right decision means choosing the action that — given everything you actually care about and the true probabilities at the time — gives you the highest probability of the future you most prefer
2/11/2026 0:57:49,Student / Exploring education and career options,18–21,Very often,Financial or purchase decisions,Ask friends or family,Often,It depends on the situation,Avoiding mistakes / minimizing risk,"Fear of making the wrong choice, Not knowing possible outcomes, Conflicting advice from others","Break the decision into simple steps, Show risks and possible outcomes, Compare different options clearly, Personalize advice based on my situation, Explain why a suggestion is given","Maybe, if it’s transparent",Slightly important,Visual outcomes or scenarios,Maybe it can't understand those emotions that an human can like somethimes you make some decisions just for experience or you know it will have bad outcome but you still do it just because you want to no AI can get that feeling ,"To me its something that end up remaining a mark , it can be wrong or right doesn't matter but i should be satisfied with the outcomes "
2/11/2026 0:59:51,Student / Exploring education and career options,18–21,Sometimes,"Career or education choices, Financial or purchase decisions",Go with my gut feeling,Often,It depends on the situation,Avoiding mistakes / minimizing risk,"Not knowing possible outcomes, Conflicting advice from others","Break the decision into simple steps, Show risks and possible outcomes, Personalize advice based on my situation","Maybe, if it’s transparent",Extremely important,Visual outcomes or scenarios,Biased training data of the AI,A part of life
2/11/2026 1:06:56,Student / Exploring education and career options,18–21,Very often,"Career or education choices, Personal or relationship decisions",Ask friends or family,Almost always,It depends on the situation,Avoiding mistakes / minimizing risk,"Fear of making the wrong choice, Not knowing possible outcomes, Too many options","Break the decision into simple steps, Show risks and possible outcomes, Compare different options clearly, Personalize advice based on my situation, Explain why a suggestion is given","Yes, definitely",Extremely important,Clear comparison of options,when it acts like chatgpt agrees to everything is there just to agree,"It means that I doesn’t have negative long term effects, satisfies my need at the time, making the best out of the situation "
2/11/2026 1:07:32,Family & responsibility phase,Above 30,Rarely,Financial or purchase decisions,Make a pros and cons list,Sometimes,It depends on the situation,Long-term outcomes,Too many options,Compare different options clearly,"Yes, definitely",Important,Visual outcomes or scenarios,Data Privacy n security issues,It Involves best possible action among many alternatives to achieve long term goal.
2/11/2026 1:18:10,Early career / Building professional experience,18–21,Rarely,"Personal or relationship decisions, Health or lifestyle choices",Search online (Google / social media),Often,It depends on the situation,Avoiding mistakes / minimizing risk,"Conflicting advice from others, Lack of confidence","Break the decision into simple steps, Compare different options clearly","Maybe, if it’s transparent",Important,Clear comparison of options,The breach of data these days.,Thinking first and then making a decision 
2/11/2026 1:29:09,Student / Exploring education and career options,18–21,Very often,Career or education choices,Delay the decision,Almost always,I love taking risks,Avoiding mistakes / minimizing risk,Too many options,Compare different options clearly,"No, I prefer human advice",Important,Visual outcomes or scenarios,🚬🚬💨💨,Weed
2/11/2026 1:31:13,Student / Exploring education and career options,18–21,Rarely,Health or lifestyle choices,Go with my gut feeling,Sometimes,I’m okay with moderate risks,Avoiding mistakes / minimizing risk,"Not knowing possible outcomes, Too many options","Show risks and possible outcomes, Compare different options clearly","Maybe, if it’s transparent",Important,Clear comparison of options,.,.
2/11/2026 1:35:03,Student / Exploring education and career options,18–21,Very often,"Career or education choices, Financial or purchase decisions",Go with my gut feeling,Almost always,I’m okay with moderate risks,Long-term outcomes,Not knowing possible outcomes,Personalize advice based on my situation,Not sure,Extremely important,Clear comparison of options,not transparent ,not regretting it later
2/11/2026 2:02:14,Student / Exploring education and career options,18–21,Sometimes,Personal or relationship decisions,Delay the decision,Sometimes,I’m okay with moderate risks,Avoiding mistakes / minimizing risk,Lack of confidence,"Show risks and possible outcomes, Personalize advice based on my situation","Maybe, if it’s transparent",Important,Visual outcomes or scenarios,If it is wasting my time and not helping me with my situatiin.,The decision which makes most people happy.
2/11/2026 2:54:40,Student / Exploring education and career options,18–21,Very often,"Career or education choices, Financial or purchase decisions, Personal or relationship decisions, Health or lifestyle choices",Go with my gut feeling,Sometimes,It depends on the situation,Avoiding mistakes / minimizing risk,"Fear of making the wrong choice, Not knowing possible outcomes, Conflicting advice from others, Lack of confidence","Show risks and possible outcomes, Compare different options clearly","Maybe, if it’s transparent",Important,Short explanations with reasoning,I like to learn from my mistakes even if it breaks me ," accept things if you aren't capable of changing them , to learn something and become better "
2/11/2026 4:23:14,Student / Exploring education and career options,18–21,Sometimes,Personal or relationship decisions,Delay the decision,Rarely,I’m okay with moderate risks,Short-term convenience,Lack of confidence,"Break the decision into simple steps, Show risks and possible outcomes","Maybe, if it’s transparent",Extremely important,Clear comparison of options,May or may not ai will understand my feelings ,The thing good for me
2/11/2026 4:26:23,Early career / Building professional experience,18–21,Rarely,I generally don’t overthink decisions,Make a pros and cons list,Rarely,I love taking risks,Opinions of others,"Not knowing possible outcomes, Too many options",Show risks and possible outcomes,"Yes, definitely",Slightly important,Clear comparison of options,"Lack of transparency and explainability, its mean Confidence are the key of my life","You may not control all the events that happen to you, but you can decide not to be reduced by them"
2/11/2026 4:53:10,Student / Exploring education and career options,Above 30,Sometimes,Career or education choices,Ask friends or family,Sometimes,I prefer to play it safe,Long-term outcomes,Not knowing possible outcomes,Compare different options clearly,Not sure,Important,Clear comparison of options,.,.
2/11/2026 7:28:55,Family & responsibility phase,Above 30,Sometimes,I generally don’t overthink decisions,Ask friends or family,Sometimes,It depends on the situation,Long-term outcomes,Fear of making the wrong choice,Personalize advice based on my situation,"Maybe, if it’s transparent",Extremely important,Clear comparison of options,Lack of emotion,Feasible
2/11/2026 7:46:42,Life transition / Re-evaluating goals,18–21,Very often,"Personal or relationship decisions, Health or lifestyle choices",Search online (Google / social media),Rarely,I love taking risks,Long-term outcomes,Fear of making the wrong choice,Break the decision into simple steps,Not sure,Extremely important,Clear comparison of options,"AI may give advice, but the decision of what’s right or wrong is mine",Choosing what aligns with your values and owning the outcome
2/11/2026 7:47:06,Others,Above 30,Sometimes,"Financial or purchase decisions, Personal or relationship decisions",Search online (Google / social media),Sometimes,I’m okay with moderate risks,Long-term outcomes,Conflicting advice from others,Show risks and possible outcomes,"Yes, definitely",Extremely important,Simple step-by-step guidance,If it is biased or talking only about one option. AI should give pros and cons of all options in a fair way. As decision has to be done by me ,Selecting the best option based on desired outcomes
2/11/2026 7:49:05,Student / Exploring education and career options,18–21,Sometimes,"Financial or purchase decisions, Personal or relationship decisions",Search online (Google / social media),Rarely,It depends on the situation,Long-term outcomes,Conflicting advice from others,"Show risks and possible outcomes, Compare different options clearly","Maybe, if it’s transparent",Extremely important,Clear comparison of options,Favoring something or someone while ditching the other,Long term outcomes how  the decision will affect my upcoming life
2/11/2026 7:59:38,Family & responsibility phase,Above 30,Sometimes,I generally don’t overthink decisions,Ask friends or family,Sometimes,It depends on the situation,Long-term outcomes,"Not knowing possible outcomes, Conflicting advice from others","Compare different options clearly, Personalize advice based on my situation",Not sure,Important,Clear comparison of options,Its will always be biased,Shows how sincere you are in taking life challenges
2/11/2026 8:40:50,Student / Exploring education and career options,18–21,Sometimes,Career or education choices,Ask friends or family,Often,I’m okay with moderate risks,Long-term outcomes,Not knowing possible outcomes,Show risks and possible outcomes,"Maybe, if it’s transparent",Important,Clear comparison of options,maybe biased decision ,"Making the right decision means choosing the option that best balances facts, ethics, and long-term impact for the people affected"
2/11/2026 8:41:35,Family & responsibility phase,Above 30,Sometimes,"Career or education choices, Financial or purchase decisions, Health or lifestyle choices",Search online (Google / social media),Almost always,It depends on the situation,Avoiding mistakes / minimizing risk,"Fear of making the wrong choice, Too many options","Break the decision into simple steps, Show risks and possible outcomes, Compare different options clearly, Personalize advice based on my situation, Explain why a suggestion is given","Yes, definitely",Extremely important,Short explanations with reasoning,If there is no data supporting or rational,Decision whcih helps in meeting end objective
2/11/2026 8:45:35,Student / Exploring education and career options,18–21,Rarely,Personal or relationship decisions,Ask friends or family,Often,It depends on the situation,Long-term outcomes,Fear of making the wrong choice,"Break the decision into simple steps, Show risks and possible outcomes, Compare different options clearly, Personalize advice based on my situation, Explain why a suggestion is given","Maybe, if it’s transparent",Extremely important,Short explanations with reasoning,"I would not trust an AI decision-support tool if one or more of the following conditions are present:  1. **Lack of transparency** – If the model cannot explain *why* it produced a recommendation (no interpretable logic, features, or rationale), it is unsafe for critical decisions.  2. **Poor or biased data** – If the training data are outdated, incomplete, unrepresentative, or known to contain systematic bias, the outputs will reliably propagate those flaws.  3. **No validation or performance evidence** – Absence of documented accuracy, error rates, confidence intervals, or real-world testing makes the tool unreliable.  4. **Domain mismatch** – If the AI is used outside the conditions it was trained for (different population, geography, regulations, or scale), its conclusions cannot be trusted.  5. **No uncertainty reporting** – Tools that provide single “confident” answers without probabilities, ranges, or risk estimates encourage over-reliance and are dangerous.  6. **Inability to handle edge cases** – If the system fails silently or behaves unpredictably for rare, extreme, or novel inputs, it is unfit for decision support.  7. **Lack of human oversight** – Any system designed to replace expert judgment rather than *support* it (no review, override, or audit mechanism) is a red flag.  8. **Weak governance and accountability** – If it is unclear who is responsible for errors, updates, monitoring, and harm mitigation, trust should be low.  9. **Security and data integrity issues** – Vulnerability to data leakage, adversarial manipulation, or unverified inputs undermines reliability.  10. **History of uncorrected failures** – Repeated errors without transparent fixes or post-mortems indicate poor lifecycle management.  **In short:** if an AI tool cannot justify its reasoning, quantify its uncertainty, demonstrate validated performance, and operate under clear human control, it should not be trusted for decision support—especially in high-stakes contexts.","**Making the right decision means choosing the option that best balances evidence, ethics, and long-term consequences under the given constraints."
2/11/2026 8:48:53,Family & responsibility phase,Above 30,Almost Never,Financial or purchase decisions,Delay the decision,Sometimes,It depends on the situation,Long-term outcomes,"Not knowing possible outcomes, Too many options","Break the decision into simple steps, Show risks and possible outcomes, Compare different options clearly, Personalize advice based on my situation, Explain why a suggestion is given","Maybe, if it’s transparent",Extremely important,Visual outcomes or scenarios,"Sponsorship, affiliation, and conflict of interests",A process that matures with experience
2/11/2026 9:02:36,Student / Exploring education and career options,18–21,Sometimes,Career or education choices,Search online (Google / social media),Often,It depends on the situation,Long-term outcomes,"Fear of making the wrong choice, Not knowing possible outcomes, Too many options",Break the decision into simple steps,"Yes, definitely",Important,Simple step-by-step guidance,If I don't like their answer,If I like the answers
2/11/2026 9:13:35,Family & responsibility phase,22–25,Almost Never,Personal or relationship decisions,Ask friends or family,Rarely,It depends on the situation,Other,Lack of confidence,Compare different options clearly,Not sure,Not important,Simple step-by-step guidance,Not ,Just Go with the flow 
2/11/2026 9:29:18,Student / Exploring education and career options,18–21,Sometimes,"Career or education choices, Financial or purchase decisions, Personal or relationship decisions",Make a pros and cons list,Sometimes,I love taking risks,Long-term outcomes,Fear of making the wrong choice,Break the decision into simple steps,"Yes, definitely",Important,Simple step-by-step guidance,Hallucinations ,Long term success 
2/11/2026 9:36:15,Early career / Building professional experience,22–25,Sometimes,"Career or education choices, Personal or relationship decisions",Search online (Google / social media),Often,It depends on the situation,Avoiding mistakes / minimizing risk,"Fear of making the wrong choice, Not knowing possible outcomes, Conflicting advice from others","Compare different options clearly, Personalize advice based on my situation, Explain why a suggestion is given","Yes, definitely",Extremely important,Simple step-by-step guidance,biased opinion,something that benefits my well being with minimum downsides and harm to others
2/11/2026 10:01:23,Independent adult / Managing personal and financial decisions,Above 30,Sometimes,Personal or relationship decisions,Go with my gut feeling,Sometimes,I avoid risks whenever possible,Long-term outcomes,Fear of making the wrong choice,"Compare different options clearly, Personalize advice based on my situation","Yes, definitely",Extremely important,Short explanations with reasoning,Too generic answers ,Inner Peace
2/11/2026 10:16:01,Early career / Building professional experience,18–21,Rarely,I generally don’t overthink decisions,Go with my gut feeling,Sometimes,I love taking risks,Long-term outcomes,"Fear of making the wrong choice, Not knowing possible outcomes",Personalize advice based on my situation,"Maybe, if it’s transparent",Extremely important,Visual outcomes or scenarios,Because AI decision support tool couldn’t analyse the situation and emotions of us which is a major drawback. ,"For me, making the right decision means comparing all the options and choosing the option which would be ethical and beneficial for me than the other options."
2/11/2026 10:38:20,Independent adult / Managing personal and financial decisions,Above 30,Rarely,I generally don’t overthink decisions,Go with my gut feeling,Sometimes,It depends on the situation,Short-term convenience,Too many options,"Break the decision into simple steps, Show risks and possible outcomes, Compare different options clearly, Personalize advice based on my situation, Explain why a suggestion is given",Not sure,Extremely important,Short explanations with reasoning,"Real time situations and practical issues in implementation, others opinion and behaviour ",Making right decisions makes the life easy and avoids future issues 
2/11/2026 10:59:38,Family & responsibility phase,Above 30,Almost Never,I generally don’t overthink decisions,Ask friends or family,Rarely,It depends on the situation,Long-term outcomes,Fear of making the wrong choice,Personalize advice based on my situation,"No, I prefer human advice",Not important,Short explanations with reasoning,1) lack of transparency  2) inconsistent result,Right decision means ethical and long term positive outcomes.
2/11/2026 12:19:34,Early career / Building professional experience,18–21,Sometimes,Financial or purchase decisions,Go with my gut feeling,Sometimes,It depends on the situation,Avoiding mistakes / minimizing risk,Conflicting advice from others,Compare different options clearly,"Maybe, if it’s transparent",Slightly important,Clear comparison of options,Human brain ,Positive outcomes 
2/11/2026 12:35:20,Student / Exploring education and career options,18–21,Very often,"Career or education choices, Financial or purchase decisions, Personal or relationship decisions",Delay the decision,Sometimes,It depends on the situation,Avoiding mistakes / minimizing risk,"Fear of making the wrong choice, Not knowing possible outcomes, Conflicting advice from others, Lack of confidence",Explain why a suggestion is given,"No, I prefer human advice",Extremely important,Short explanations with reasoning,The AI part,Idk
2/11/2026 12:38:22,Independent adult / Managing personal and financial decisions,22–25,Very often,"Career or education choices, Financial or purchase decisions, Personal or relationship decisions, Health or lifestyle choices",Ask friends or family,Almost always,It depends on the situation,Avoiding mistakes / minimizing risk,"Fear of making the wrong choice, Conflicting advice from others, Lack of confidence","Show risks and possible outcomes, Compare different options clearly, Personalize advice based on my situation, Explain why a suggestion is given","Maybe, if it’s transparent",Extremely important,Clear comparison of options,"If the tool agree with everything I propose. If the tool only understands good and bad or black and white. Human problems are sometimes beyond black and white and the answer lies in the grey area. So if a tool can do that understand that, I would like to use it. ",Decision that leads to the best outcomes with least opportunity cost out all the options available. 
2/11/2026 12:42:45,Student / Exploring education and career options,18–21,Sometimes,Personal or relationship decisions,Search online (Google / social media),Often,It depends on the situation,Short-term convenience,Lack of confidence,"Compare different options clearly, Personalize advice based on my situation, Explain why a suggestion is given","Yes, definitely",Important,Clear comparison of options,When it agrees with everything,.
2/11/2026 12:51:34,Student / Exploring education and career options,Below 18,Sometimes,Career or education choices,Search online (Google / social media),Sometimes,I’m okay with moderate risks,Long-term outcomes,Fear of making the wrong choice,Show risks and possible outcomes,"Maybe, if it’s transparent",Slightly important,Clear comparison of options,AI is always on your side and not put the clear and real options ,Straight to the point and know the outcome of the decision 
2/11/2026 12:59:11,Life transition / Re-evaluating goals,Above 30,Very often,I generally don’t overthink decisions,Go with my gut feeling,Often,It depends on the situation,Long-term outcomes,Conflicting advice from others,Compare different options clearly,"Maybe, if it’s transparent",Important,Clear comparison of options,Personal data exploitation ,Positive outcome
2/11/2026 12:59:38,Student / Exploring education and career options,Below 18,Sometimes,"Financial or purchase decisions, Personal or relationship decisions",Search online (Google / social media),Sometimes,It depends on the situation,Short-term convenience,Not knowing possible outcomes,Compare different options clearly,"Maybe, if it’s transparent",Important,Clear comparison of options,It's not a human mind and don't have emotions ,How was the past and how will be the future ... 
2/11/2026 13:02:15,Student / Exploring education and career options,18–21,Very often,Career or education choices,Ask friends or family,Often,I love taking risks,Long-term outcomes,Fear of making the wrong choice,Break the decision into simple steps,"Maybe, if it’s transparent",Important,Clear comparison of options,If it simply suggestions without knowing the corns that we might face in future,Giving clarity and never having doubt in yaking that decision
2/11/2026 13:05:46,Student / Exploring education and career options,Below 18,Sometimes,Personal or relationship decisions,Search online (Google / social media),Sometimes,I prefer to play it safe,Short-term convenience,Conflicting advice from others,Break the decision into simple steps,"Yes, definitely",Extremely important,Simple step-by-step guidance,Because they can't give an accurate solution ,To know her past 
2/11/2026 13:07:50,Family & responsibility phase,Above 30,Sometimes,Health or lifestyle choices,Ask friends or family,Almost always,I’m okay with moderate risks,Long-term outcomes,Too many options,Break the decision into simple steps,Not sure,Extremely important,Simple step-by-step guidance,Sometimes it makes errors.,According to conditions every decision taken  is right.  
2/11/2026 13:22:17,Early career / Building professional experience,22–25,Sometimes,Career or education choices,Ask friends or family,Often,It depends on the situation,Long-term outcomes,Fear of making the wrong choice,"Show risks and possible outcomes, Compare different options clearly","No, I prefer human advice",Slightly important,Clear comparison of options,"Inconsistent results, biased outputs","Making the right decision means choosing the option that best aligns with the available evidence, ethical principles, and long-term impact, even if it isn’t the easiest or most convenient in the moment."
2/11/2026 13:27:07,Independent adult / Managing personal and financial decisions,Above 30,Rarely,Personal or relationship decisions,Go with my gut feeling,Sometimes,It depends on the situation,Long-term outcomes,Lack of confidence,Show risks and possible outcomes,Not sure,Important,Clear comparison of options,Sometimes give good decision but sometimes stuck ,Gut feeling is right decision 
2/11/2026 13:59:42,Life transition / Re-evaluating goals,Above 30,Sometimes,Financial or purchase decisions,Ask friends or family,Almost always,I’m okay with moderate risks,Avoiding mistakes / minimizing risk,Fear of making the wrong choice,Compare different options clearly,Not sure,Not important,Simple step-by-step guidance,If its complicated,Simple and trustworthy 
2/11/2026 14:00:16,Independent adult / Managing personal and financial decisions,Above 30,Rarely,I generally don’t overthink decisions,Ask friends or family,Sometimes,It depends on the situation,Avoiding mistakes / minimizing risk,Conflicting advice from others,Personalize advice based on my situation,"Maybe, if it’s transparent",Important,Simple step-by-step guidance,It blocks our thought process ,Correct decision in correct time according to situation 
2/11/2026 14:29:16,Life transition / Re-evaluating goals,Above 30,Sometimes,I generally don’t overthink decisions,Make a pros and cons list,Often,I’m okay with moderate risks,Long-term outcomes,Not knowing possible outcomes,"Compare different options clearly, Personalize advice based on my situation","Maybe, if it’s transparent",Important,Simple step-by-step guidance,There is no human oversight or accountability for its decisions.,"“Making the right decision means choosing the option that is ethical, well-informed, and has the best long-term outcom"
2/11/2026 14:36:25,Family & responsibility phase,Above 30,Sometimes,Financial or purchase decisions,Ask friends or family,Sometimes,It depends on the situation,Long-term outcomes,Fear of making the wrong choice,Compare different options clearly,Not sure,Slightly important,Visual outcomes or scenarios,Ai is not 100 % perfect ,Right decision for right purpose 
2/11/2026 14:41:29,Early career / Building professional experience,22–25,Sometimes,"Financial or purchase decisions, Personal or relationship decisions",Ask friends or family,Often,It depends on the situation,Avoiding mistakes / minimizing risk,"Fear of making the wrong choice, Not knowing possible outcomes","Compare different options clearly, Personalize advice based on my situation","Yes, definitely",Extremely important,Simple step-by-step guidance,If my information is being shared with the third party.,Important 
2/11/2026 14:59:33,Student / Exploring education and career options,Below 18,Sometimes,Career or education choices,Go with my gut feeling,Sometimes,I’m okay with moderate risks,Avoiding mistakes / minimizing risk,Too many options,Show risks and possible outcomes,"Maybe, if it’s transparent",Slightly important,Visual outcomes or scenarios,It shares our data to another websites ,"What i like to do i do ,i dont think of the output"
2/11/2026 15:02:33,Student / Exploring education and career options,Below 18,Very often,Financial or purchase decisions,Search online (Google / social media),Often,It depends on the situation,Short-term convenience,Fear of making the wrong choice,Compare different options clearly,Not sure,Slightly important,Clear comparison of options,It can’t be trusted because it is not transparent ,Thinking of the output it causes 
2/11/2026 15:03:12,Student / Exploring education and career options,18–21,Rarely,"Career or education choices, Personal or relationship decisions",Ask friends or family,Often,I’m okay with moderate risks,Long-term outcomes,Not knowing possible outcomes,"Break the decision into simple steps, Show risks and possible outcomes","Maybe, if it’s transparent",Important,Clear comparison of options,..,..
2/11/2026 15:04:50,Student / Exploring education and career options,Below 18,Sometimes,"Career or education choices, Financial or purchase decisions",Search online (Google / social media),Often,I’m okay with moderate risks,Short-term convenience,Fear of making the wrong choice,Compare different options clearly,"No, I prefer human advice",Slightly important,Visual outcomes or scenarios,I never used it ,Thinking of the risks involved 
2/11/2026 15:05:49,Student / Exploring education and career options,18–21,Sometimes,"Career or education choices, Financial or purchase decisions",Search online (Google / social media),Often,It depends on the situation,Avoiding mistakes / minimizing risk,Fear of making the wrong choice,Break the decision into simple steps,"Maybe, if it’s transparent",Slightly important,Simple step-by-step guidance,Because of privacy ,Abou the outcomes of ai
2/11/2026 15:36:47,Family & responsibility phase,Above 30,Sometimes,"Career or education choices, Financial or purchase decisions, Personal or relationship decisions, Health or lifestyle choices",Go with my gut feeling,Sometimes,I love taking risks,Avoiding mistakes / minimizing risk,"Fear of making the wrong choice, Not knowing possible outcomes","Break the decision into simple steps, Show risks and possible outcomes, Compare different options clearly, Personalize advice based on my situation, Explain why a suggestion is given","Maybe, if it’s transparent",Important,Simple step-by-step guidance,"Lack of transparency about how it works, biased suggestions, or advice that clearly ignores my context.","Choosing an option that aligns with my values, considers long-term outcomes, and feels responsible even if the result is uncertain."
2/11/2026 16:03:57,Early career / Building professional experience,22–25,Sometimes,"Career or education choices, Personal or relationship decisions, Health or lifestyle choices",Delay the decision,Sometimes,I’m okay with moderate risks,Long-term outcomes,"Conflicting advice from others, Lack of confidence","Show risks and possible outcomes, Compare different options clearly, Personalize advice based on my situation, Explain why a suggestion is given","Maybe, if it’s transparent",Extremely important,Simple step-by-step guidance,If it changes the response if asked twice. ,Knowing all the pros and cons and then choosing.
2/11/2026 16:14:05,Student / Exploring education and career options,Below 18,Sometimes,I generally don’t overthink decisions,Go with my gut feeling,Often,I’m okay with moderate risks,Long-term outcomes,"Fear of making the wrong choice, Not knowing possible outcomes","Break the decision into simple steps, Show risks and possible outcomes","Maybe, if it’s transparent",Not important,Simple step-by-step guidance," lack of transparency, questionable reliability","choosing the path that aligns with my core values and long-term growth, even when it is difficult or uncomfortable. "
2/11/2026 17:06:27,Life transition / Re-evaluating goals,Below 18,Sometimes,"Personal or relationship decisions, Health or lifestyle choices",Search online (Google / social media),Almost always,It depends on the situation,Avoiding mistakes / minimizing risk,"Too many options, Conflicting advice from others","Break the decision into simple steps, Explain why a suggestion is given","Maybe, if it’s transparent",Important,Visual outcomes or scenarios,I take advice form human and overthink,A good opinion 
2/11/2026 17:19:06,Independent adult / Managing personal and financial decisions,Above 30,Rarely,"Career or education choices, I generally don’t overthink decisions",Make a pros and cons list,Often,I avoid risks whenever possible,Long-term outcomes,Not knowing possible outcomes,Show risks and possible outcomes,"Maybe, if it’s transparent",Extremely important,Visual outcomes or scenarios,if it doesn't give correct answer according to human requirement.,right decision means getting growth in all areas of life and reaches to the next level.
2/11/2026 17:44:41,Student / Exploring education and career options,18–21,Rarely,"Career or education choices, Financial or purchase decisions, Personal or relationship decisions, Health or lifestyle choices",Search online (Google / social media),Often,I’m okay with moderate risks,Long-term outcomes,"Fear of making the wrong choice, Not knowing possible outcomes, Lack of confidence","Break the decision into simple steps, Show risks and possible outcomes, Compare different options clearly, Personalize advice based on my situation, Explain why a suggestion is given","Maybe, if it’s transparent",Extremely important,Simple step-by-step guidance,idk,minimising risks 
2/11/2026 18:27:00,Student / Exploring education and career options,Below 18,Sometimes,"Career or education choices, Health or lifestyle choices",Delay the decision,Sometimes,I love taking risks,Long-term outcomes,Not knowing possible outcomes,Break the decision into simple steps,"No, I prefer human advice",Extremely important,Simple step-by-step guidance,Wrong opinion,Profitable to me
2/11/2026 21:35:47,Family & responsibility phase,Above 30,Rarely,I generally don’t overthink decisions,Ask friends or family,Sometimes,I prefer to play it safe,Avoiding mistakes / minimizing risk,Too many options,Break the decision into simple steps,"No, I prefer human advice",Not important,Simple step-by-step guidance,"Lack of transparency,  unreliability and ethical concern",Great decision-making comes from the ability to create the time and space to think rationally about the issue
2/11/2026 21:39:26,Family & responsibility phase,Above 30,Almost Never,I generally don’t overthink decisions,Delay the decision,Rarely,It depends on the situation,Opinions of others,Not knowing possible outcomes,Personalize advice based on my situation,"No, I prefer human advice",Not important,Simple step-by-step guidance,"Lack of transparency,  unreliability and ethical concern",Choosing the path aligns with your core values and long term goals
2/11/2026 21:39:30,Early career / Building professional experience,Above 30,Rarely,Financial or purchase decisions,Ask friends or family,Sometimes,It depends on the situation,Long-term outcomes,Too many options,Break the decision into simple steps,"Maybe, if it’s transparent",Important,Simple step-by-step guidance,"Lack of transparency, unreliability and ethical concerns","The only way to make decision is to find out which is the wrong decision, to examine that other path without fear, and only then decide"
2/11/2026 23:31:18,Student / Exploring education and career options,22–25,Very often,"Career or education choices, Financial or purchase decisions, Health or lifestyle choices",Search online (Google / social media),Almost always,I avoid risks whenever possible,Avoiding mistakes / minimizing risk,"Fear of making the wrong choice, Not knowing possible outcomes, Conflicting advice from others","Break the decision into simple steps, Show risks and possible outcomes, Compare different options clearly, Personalize advice based on my situation","Yes, definitely",Important,Clear comparison of options,Relationship issues ,Knowing all consequences 
2/11/2026 23:38:12,Early career / Building professional experience,26–30,Sometimes,Health or lifestyle choices,Search online (Google / social media),Sometimes,I’m okay with moderate risks,Long-term outcomes,"Fear of making the wrong choice, Not knowing possible outcomes","Break the decision into simple steps, Show risks and possible outcomes, Compare different options clearly, Personalize advice based on my situation","Maybe, if it’s transparent",Extremely important,Visual outcomes or scenarios,Failing under pressure testing and weak citations.,After reviewing all options and comparing them thoroughly 
2/11/2026 23:42:15,Student / Exploring education and career options,18–21,Sometimes,"Career or education choices, Personal or relationship decisions",Go with my gut feeling,Often,I’m okay with moderate risks,Long-term outcomes,"Not knowing possible outcomes, Too many options","Show risks and possible outcomes, Compare different options clearly","No, I prefer human advice",Not important,Clear comparison of options,Make important emotional decisions,i should feel it right in my gut
2/12/2026 0:03:21,Independent adult / Managing personal and financial decisions,Above 30,Rarely,Health or lifestyle choices,Search online (Google / social media),Rarely,I prefer to play it safe,Long-term outcomes,Fear of making the wrong choice,Compare different options clearly,"Yes, definitely",Extremely important,Simple step-by-step guidance,Can't understand the problem exactly ,It's very important. 
2/12/2026 0:15:05,Student / Exploring education and career options,18–21,Sometimes,"Career or education choices, Personal or relationship decisions",Ask friends or family,Sometimes,It depends on the situation,Long-term outcomes,"Fear of making the wrong choice, Too many options","Show risks and possible outcomes, Compare different options clearly","Maybe, if it’s transparent",Extremely important,Clear comparison of options,"biases response, unaware of the full picture before answering",choosing a decision with the best possible outcome
2/12/2026 0:26:15,Family & responsibility phase,Above 30,Sometimes,"Personal or relationship decisions, Health or lifestyle choices",Go with my gut feeling,Often,It depends on the situation,Long-term outcomes,Fear of making the wrong choice,"Show risks and possible outcomes, Personalize advice based on my situation","Maybe, if it’s transparent",Extremely important,Simple step-by-step guidance,It is only a machine oriented tool or kind of robotic tool. It cannot be able to explain the human sycology. ,Positive Outcomes 
2/12/2026 1:38:25,Student / Exploring education and career options,Below 18,Sometimes,Career or education choices,Go with my gut feeling,Often,It depends on the situation,Long-term outcomes,Fear of making the wrong choice,Personalize advice based on my situation,"Yes, definitely",Extremely important,Simple step-by-step guidance,If the AI is not giving an appropriate reason and not have enough knowledge of my question,That you should see all the possible outcomes the pro and cons and also that is the decision worth it and will benifit me 
2/12/2026 8:58:47,Family & responsibility phase,Above 30,Rarely,I generally don’t overthink decisions,Ask friends or family,Rarely,It depends on the situation,Avoiding mistakes / minimizing risk,Conflicting advice from others,Compare different options clearly,Not sure,Slightly important,Short explanations with reasoning,Unclear and biased information ,Deciding wisely 
2/12/2026 9:05:50,Student / Exploring education and career options,18–21,Sometimes,"Career or education choices, Financial or purchase decisions",Search online (Google / social media),Sometimes,I’m okay with moderate risks,Long-term outcomes,Fear of making the wrong choice,"Break the decision into simple steps, Show risks and possible outcomes, Compare different options clearly","Yes, definitely",Extremely important,Clear comparison of options,"I wouldn’t trust an AI decision support tool if it couldn’t explain its reasoning, showed clear bias, made inconsistent recommendations, or relied on outdated or low-quality data. Lack of transparency, poor accuracy, weak privacy protections, and no human oversight would also make me question its reliability and overall credibility.","Making the right decision means choosing the option that best aligns with my values, goals, and available evidence while considering the long-term impact."
2/12/2026 9:41:44,Independent adult / Managing personal and financial decisions,Above 30,Sometimes,I generally don’t overthink decisions,Make a pros and cons list,Sometimes,It depends on the situation,Long-term outcomes,Too many options,"Show risks and possible outcomes, Compare different options clearly","Maybe, if it’s transparent",Extremely important,Clear comparison of options,If AI tool does not compare risk & rewards,One must have proper reason to back his or her decisions. 
2/12/2026 13:24:42,Student / Exploring education and career options,Below 18,Sometimes,"Career or education choices, Financial or purchase decisions",Go with my gut feeling,Often,It depends on the situation,Long-term outcomes,"Fear of making the wrong choice, Too many options","Show risks and possible outcomes, Compare different options clearly","Yes, definitely",Important,Clear comparison of options,nothing,.
2/12/2026 13:25:24,Student / Exploring education and career options,Below 18,Rarely,Health or lifestyle choices,Make a pros and cons list,Often,I love taking risks,Long-term outcomes,Fear of making the wrong choice,"Show risks and possible outcomes, Compare different options clearly","Yes, definitely",Extremely important,Clear comparison of options,When it doesn't give me a logical reason for the option it suggests.,Not regretting it later
2/12/2026 13:25:59,Student / Exploring education and career options,Below 18,Rarely,I generally don’t overthink decisions,Ask friends or family,Rarely,I’m okay with moderate risks,Long-term outcomes,"Fear of making the wrong choice, Not knowing possible outcomes","Show risks and possible outcomes, Compare different options clearly, Personalize advice based on my situation","Yes, definitely",Extremely important,Clear comparison of options,"If it is biased towards particular topics for eg bias regarding political issues, governance ",Having all the outcomes set and clear 
2/12/2026 13:29:09,Student / Exploring education and career options,Below 18,Sometimes,Career or education choices,Search online (Google / social media),Often,It depends on the situation,Avoiding mistakes / minimizing risk,Fear of making the wrong choice,Show risks and possible outcomes,Not sure,Important,Simple step-by-step guidance,Idk,Future outcomes is positive 
2/12/2026 13:48:05,Student / Exploring education and career options,Below 18,Sometimes,Career or education choices,Delay the decision,Often,I’m okay with moderate risks,Long-term outcomes,"Fear of making the wrong choice, Conflicting advice from others",Show risks and possible outcomes,"Maybe, if it’s transparent",Important,Visual outcomes or scenarios,If it agrees with me all the time,"The right decision is the one that aligns with who I want to become and allows me to live with it peacefully, without regret."
2/12/2026 14:44:49,Student / Exploring education and career options,Below 18,Sometimes,Career or education choices,Go with my gut feeling,Sometimes,It depends on the situation,Long-term outcomes,Fear of making the wrong choice,Break the decision into simple steps,"Maybe, if it’s transparent",Important,Simple step-by-step guidance,Biased or inaccurate outputs,Best possible outcomes
2/12/2026 20:20:10,Student / Exploring education and career options,Above 30,Almost Never,Personal or relationship decisions,Ask friends or family,Often,I avoid risks whenever possible,Long-term outcomes,Fear of making the wrong choice,Explain why a suggestion is given,Not sure,Important,Clear comparison of options,At present not aware of AI,Final result 
2/12/2026 21:33:16,Student / Exploring education and career options,Below 18,Sometimes,"Financial or purchase decisions, Personal or relationship decisions",Search online (Google / social media),Sometimes,I’m okay with moderate risks,Avoiding mistakes / minimizing risk,Fear of making the wrong choice,Compare different options clearly,"Maybe, if it’s transparent",Extremely important,Visual outcomes or scenarios,If it's ambiguous and giving different answers of the same situation if asked after a while,Committing to smth
2/12/2026 21:46:48,Family & responsibility phase,Above 30,Sometimes,Personal or relationship decisions,Ask friends or family,Often,It depends on the situation,Avoiding mistakes / minimizing risk,Fear of making the wrong choice,Break the decision into simple steps,"Maybe, if it’s transparent",Extremely important,Simple step-by-step guidance,If it is bias and impractical ,Something which can simplify decision making 
2/12/2026 22:19:55,Family & responsibility phase,Above 30,Sometimes,Personal or relationship decisions,Go with my gut feeling,Sometimes,It depends on the situation,Opinions of others,Not knowing possible outcomes,Personalize advice based on my situation,Not sure,Extremely important,Simple step-by-step guidance,Ai is artificial intelligence so i dont completely trust it,Making the right decisions mean taking a descision after know all the pros and cons
2/13/2026 0:09:54,Family & responsibility phase,Above 30,Sometimes,Financial or purchase decisions,Search online (Google / social media),Rarely,It depends on the situation,Avoiding mistakes / minimizing risk,Fear of making the wrong choice,Compare different options clearly,"Yes, definitely",Extremely important,Simple step-by-step guidance,Not having emotions and feelings unlike humans,Living life in a constructive way
2/13/2026 8:18:59,Independent adult / Managing personal and financial decisions,Above 30,Sometimes,Personal or relationship decisions,Make a pros and cons list,Sometimes,I’m okay with moderate risks,Avoiding mistakes / minimizing risk,Conflicting advice from others,Personalize advice based on my situation,Not sure,Extremely important,Simple step-by-step guidance,Lack of transparency or explainability regarding how the AI reached its conclusion would be the primary reason to distrust it.,It means using the facts to pick the choice that does the most good and the least harm.
2/13/2026 14:44:49,Family & responsibility phase,26–30,Sometimes,I generally don’t overthink decisions,Search online (Google / social media),Sometimes,It depends on the situation,Long-term outcomes,Not knowing possible outcomes,Show risks and possible outcomes,Not sure,Important,Clear comparison of options,.,Moving forward
2/13/2026 15:31:12,Early career / Building professional experience,22–25,Very often,Career or education choices,Delay the decision,Often,I’m okay with moderate risks,Long-term outcomes,Fear of making the wrong choice,"Break the decision into simple steps, Show risks and possible outcomes, Compare different options clearly, Personalize advice based on my situation, Explain why a suggestion is given","Maybe, if it’s transparent",Important,Simple step-by-step guidance,Too many confusing options,Give long term goal a direction 
2/13/2026 19:23:41,Student / Exploring education and career options,Below 18,Sometimes,Career or education choices,Go with my gut feeling,Often,It depends on the situation,Long-term outcomes,Fear of making the wrong choice,Personalize advice based on my situation,"Yes, definitely",Extremely important,Visual outcomes or scenarios,"Lack of transparency, accountability, and accuracy","Making the right decision means choosing a course of action that aligns with your values, produces the best possible outcome given the available information, and can be justified ethically and logically."
2/13/2026 19:30:32,Student / Exploring education and career options,Below 18,Rarely,Career or education choices,Ask friends or family,Sometimes,It depends on the situation,Other,"Fear of making the wrong choice, Not knowing possible outcomes","Show risks and possible outcomes, Compare different options clearly","Maybe, if it’s transparent",Extremely important,Visual outcomes or scenarios,It does not have emotions and haven't unlocked deep emotional learning yet ,Having a proper knowledge and possible outcome of that decision with no regression 
2/13/2026 19:35:36,Student / Exploring education and career options,Below 18,Sometimes,"Career or education choices, Financial or purchase decisions",Go with my gut feeling,Sometimes,It depends on the situation,Long-term outcomes,"Fear of making the wrong choice, Conflicting advice from others","Compare different options clearly, Personalize advice based on my situation","Maybe, if it’s transparent",Extremely important,Clear comparison of options,Reviews and if the answer given is top generalized ,The after consequences 
2/13/2026 19:53:37,Student / Exploring education and career options,Below 18,Sometimes,Career or education choices,Ask friends or family,Sometimes,I’m okay with moderate risks,Long-term outcomes,Fear of making the wrong choice,Compare different options clearly,Not sure,Extremely important,Clear comparison of options,That it would not tell me my mistakes and wrong decisions and instead would only praise me,On which i have confidence and i am sure that i will bear its good as well as bad consequences
2/13/2026 22:16:44,Student / Exploring education and career options,Below 18,Very often,"Career or education choices, Personal or relationship decisions",Go with my gut feeling,Almost always,It depends on the situation,Long-term outcomes,"Fear of making the wrong choice, Conflicting advice from others, Lack of confidence","Break the decision into simple steps, Compare different options clearly, Personalize advice based on my situation","Yes, definitely",Extremely important,Simple step-by-step guidance,Making wrong decision ,"choosing a path aligned with your core values, long-term goals, and well-being, even if it causes temporary discomfort."
2/13/2026 22:29:03,Student / Exploring education and career options,Below 18,Sometimes,Career or education choices,Ask friends or family,Often,I’m okay with moderate risks,Long-term outcomes,Too many options,Explain why a suggestion is given,"Maybe, if it’s transparent",Slightly important,Simple step-by-step guidance,Some time it happens with me when I do not trust ai decisions ,To give me an appropriate answer of the question 
2/14/2026 21:25:02,Student / Exploring education and career options,18–21,Sometimes,I generally don’t overthink decisions,Delay the decision,Almost always,I avoid risks whenever possible,Avoiding mistakes / minimizing risk,Lack of confidence,Explain why a suggestion is given,Not sure,Not important,Clear comparison of options,Yes I not trust on AI,I not trust you 
2/16/2026 14:00:27,Life transition / Re-evaluating goals,Below 18,Rarely,Personal or relationship decisions,Search online (Google / social media),Almost always,I prefer to play it safe,Long-term outcomes,Not knowing possible outcomes,Compare different options clearly,"Maybe, if it’s transparent",Slightly important,Simple step-by-step guidance,I dnt know,Good outcome